<?xml version="1.0" encoding="utf-8" ?>

<component name="PosterItem" extends="Group">
    <interface>
        <field id="width"       type="float" onChange="updateLayout"/>
        <field id="height"      type="float" onChange="updateLayout"/>
        <field id="itemContent" type="node" onChange="itemContentChanged" />
    </interface>

    <script type="text/brightscript">
        <![CDATA[
            Sub Init()
                m.Poster = m.top.findNode("poster")
            End Sub
            Sub itemContentChanged()
                m.Poster.uri = m.top.itemContent.HDPOSTERURL
                updateLayout()
            End Sub
            Sub updateLayout()
                If m.top.height > 0 And m.top.width > 0 Then
                    m.Poster.width  = m.top.width
                    m.Poster.height = m.top.height
                End If
            End Sub]]>
    </script>
    <children>
        <Poster id="poster">
        </Poster>
        <Rectangle
                 id = "Overhang"
                 height = "400"
                 width = "1920"
                  color = "0x000000FF"
                  opacity = "0.5"
                />
            <Group
                   translation = "[150,75]">
                <Label
                    id = "Title"
                    height = "30"
                    width = "650"
                    font = "font:LargeBoldSystemFont"/>
                <Label
                    id = "Description"
                    height = "250"
                    width = "800"
                    color = "0xA3A3C2FF"
                    translation = "[0,75]"
                    wrap = "true"/>
                <Poster
                    id = "Poster"
                    height = "281"
                    width = "500"
                    loadWidth = "500"
                    loadHeight = "281"
                    loadDisplayMode = "scaleToFit"
                    translation = "[850,10]"/>
                </Group>
    </children>
</component> 